{"lambda3": 0.07688452354926523, "diagonal_factor": 1.0554150029380927, "fitted_at": "2026-06-20"}