{"lambda3": 0.06627445890383707, "diagonal_factor": 1.1886766300071199, "fitted_at": "2026-06-24"}