{"lambda3": 0.09693103685665103, "diagonal_factor": 1.1242578540863502, "fitted_at": "2026-06-18"}