{"lambda3": 0.07039324993690893, "diagonal_factor": 1.0270365695603747, "fitted_at": "2026-06-18"}