{"lambda3": 0.09853732851940211, "diagonal_factor": 1.109355928136138, "fitted_at": "2026-06-21"}