{"lambda3": 0.08518821257676082, "diagonal_factor": 1.1136225388285785, "fitted_at": "2026-06-21"}