{"lambda3": 0.09057978003533103, "diagonal_factor": 1.0918423423735772, "fitted_at": "2026-06-16"}