{"lambda3": 0.08222260935265525, "diagonal_factor": 1.0588006565353072, "fitted_at": "2026-06-27"