{"lambda3": 0.0525792024177713, "diagonal_factor": 1.1281374678863578, "fitted_at": "2026-06-28"}