{"lambda3": 0.06613444211280078, "diagonal_factor": 1.1445056687082849, "fitted_at": "2026-06-26"}