{"lambda3": 0.09981010494490047, "diagonal_factor": 1.1174865468919215, "fitted_at": "2026-06-17"}