{"lambda3": 0.07869693896440452, "diagonal_factor": 1.035661148518951, "fitted_at": "2026-07-02"}