{"b": 1.9746432811766863, "k1": -0.7052516444776178, "k2": 0.5047553997867328}