{"b": 1.9746144087268185, "k1": -0.7052721902099071, "k2": 0.5046943582083303}