{"b": 1.9745999072367506, "k1": -0.7052759660088986, "k2": 0.5046511438507189}