{"b": 1.9756930689300862, "k1": -0.704915624610763, "k2": 0.5050374673780739}