{"b": 1.9740226030119483, "k1": -0.7024599179205829, "k2": 0.5052327074403626}