{"b": 1.974399856918247, "k1": -0.7052699501460913, "k2": 0.5047380704786188}