{"b": 1.9747968047899758, "k1": -0.7052698874833204, "k2": 0.5046817601671932}