{"b": 1.9752033115938417, "k1": -0.7049275335183044, "k2": 0.5046807943234312}