{"b": 1.9754478527977022, "k1": -0.7052786598170403, "k2": 0.5049168372770739}