{"b": 1.9743992138928184, "k1": -0.7053182044827889, "k2": 0.5046231252258002}