{"b": 1.9747813009472235, "k1": -0.7051864284168908, "k2": 0.5048358461022667}