{"b": 1.9752278497323452, "k1": -0.7048923964530407, "k2": 0.5047426324200165}