{"b": 1.9751857567369742, "k1": -0.7052152930561665, "k2": 0.5048530001948534}