{"b": 1.9745999740240687, "k1": -0.705351080958913, "k2": 0.504600049898051}