{"b": 2.038262057170972, "k1": -0.6875307399089094, "k2": 0.5173570787103734}