{"b": 1.9745014053227872, "k1": -0.7053187289157423, "k2": 0.5046136897259419}