{"b": 1.9739607731142559, "k1": -0.7024237760288969, "k2": 0.5052897075611098}