{"Scotland": [1.3059142167505047, 1.2471081040735463], "England": [1.5968055169663684, 1.8822345505970937], "Wales": [0.9952578735303138, 0.7502727492657185], "Northern Ireland": [1.080453566968906, 0.649815435739137], "United States": [1.544517885635004, 1.0091233442280636], "Canada": [1.6013969834195394, 1.1527938887657598], "Uruguay": [1.6258835748782248, 1.2055695127506205], "Argentina": [2.0904545216313624, 1.8973868435952388], "Austria": [1.6019301276547753, 1.3255504154733877], "Hungary": [1.2159280926661205, 0.9560810931753807], "Czechoslovakia": [1.410692278403964, 1.1206386265991912], "Belgium": [1.8468320358934796, 1.6487193786687895], "France": [1.9019041062063176, 1.84814586205116], "Switzerland": [1.7771136907621075, 1.5224525883051911], "Guernsey": [1.0821877811525393, 0.9810608247026524], "Alderney": [-1.293482728965471, -2.113665543562096], "Jersey": [1.4681025978069504, 1.2223313791320458], "Netherlands": [1.843282404226557, 1.619219416692557], "Guyana": [0.09058660378358555, -0.3437514038427839], "Trinidad and Tobago": [0.6145445757985255, -0.414154027687723], "South Africa": [0.9041267187852575, 0.8541738675960888], "Germany": [1.9279681484279025, 1.6323289773443421], "Sweden": [1.4552774000311979, 1.0414770082388924], "Norway": [1.7194073222352533, 1.5437636760344198], "Denmark": [1.6880791810491376, 1.2676846263472341], "Italy": [1.476175960574003, 1.3557813372174519], "Chile": [1.6342168033448172, 1.172128374726926], "Russia": [1.480331595872579, 1.2615501163754783], "Finland": [0.8063863604690853, 0.49919387940085624], "Luxembourg": [0.15079754005885515, 0.0017993090753146146], "Catalonia": [1.1154658006365614, 0.39612221562770095], "Philippines": [-0.8230197943292146, -0.9496520659477788], "China PR": [0.43922924532219915, 0.1935618228422763], "China": [0.38931875128111393, 0.13373473590468166], "Brazil": [1.9545420992326186, 1.7924567252509678], "Basque Country": [1.4733004094193305, 1.2453692193194548], "Japan": [1.7633422554781955, 1.5976958996978425], "Paraguay": [1.6530268081672128, 1.3519468860157542], "Romania": [0.969046322800576, 0.9328162400209119], "Greece": [1.3210772292383506, 1.283746632916996], "Yugoslavia": [1.4586049533663215, 1.146832119864974], "Spain": [1.8518759209351636, 1.8272636253807117], "Egypt": [1.4179689010101226, 1.1168450053662462], "Estonia": [0.03494121468008449, -0.24182771139547157], "Suriname": [0.8629213305518899, -0.0013294696873974304], "Provence": [-0.12229200510406389, -0.0760032658701372], "Costa Rica": [1.1255574279685459, 0.8002380312378781], "El Salvador": [0.3148139014246164, -0.17317961194898235], "Guatemala": [1.036137728780446, 0.009331989881909974], "Poland": [1.1937156632587806, 1.0470630521764457], "Portugal": [1.9053872288697697, 1.5902262730882326], "Brittany": [0.055492773600575626, 0.021698894930333272], "New Zealand": [1.6205005789702611, 0.5361737243928674], "Australia": [1.7270137696437047, 1.1758006396253955], "Latvia": [-0.4238394267918166, -0.2583299775359261], "Galicia": [0.18191601033634355, 0.16233745517736164], "Central Spain": [0.005161080425515177, -0.07869755861651731], "Mexico": [1.7323009016655013, 1.742099185629786], "Andalusia": [0.6621408886061078, 0.36290597915642014], "Asturias": [0.044630461679426664, 0.08926092335885333], "Lithuania": [-0.12090751613949723, -0.5933884369544802], "Turkey": [1.4814789524909138, 1.5505730260180546], "Aruba": [-1.175620920788873, -1.303301833415349], "Cura\u00e7ao": [0.803901426321263, -0.19320556419208076], "Bulgaria": [0.37094527774886504, 0.1411974354230828], "Republic of Ireland": [1.118927355473624, 1.0653403036143472], "Haiti": [1.0578892669855542, 0.903344647884699], "Jamaica": [0.6733592434456557, 0.6024934469337829], "Kenya": [0.11445523894088062, -0.2693642630753503], "Uganda": [0.32758586055971367, -0.25544569532184397], "Bolivia": [1.2078226697086814, -0.061936491145910925], "Peru": [1.27227527827998, 1.0240372830440403], "Honduras": [1.1870671539993225, 0.5994293635411162], "Belarus": [0.5626679540942519, 0.31091503127052234], "Ukraine": [1.3625326593764269, 1.1956817778043765], "Barbados": [-1.3083004260882176, -1.5400059106132908], "Nicaragua": [0.2626722995906786, -0.07380098929206048], "Cuba": [0.25734828522815967, -0.8940798910237433], "Martinique": [0.3963469466120155, -0.12966716430767308], "Dominica": [-1.3760729429251901, -1.5876756181033223], "Silesia": [0.30765998447943343, 0.15382999223971672], "Guadeloupe": [0.15367971208175824, 0.0696920101440435], "Israel": [0.9562708464648109, 0.7922598477742789], "Indonesia": [0.015579001194140997, -0.5832294509962254], "French Guiana": [-0.01355168255987313, -0.3002196291800782], "Saint Lucia": [-1.1652476931049305, -1.5633344641872349], "Colombia": [1.6478484758128176, 1.8781617875877823], "Panama": [1.2368115535030189, 0.8859934899841441], "Venezuela": [1.4446572455328952, 1.1805101029459473], "Ecuador": [1.8050975502285231, 1.465826760792428], "Saint Kitts and Nevis": [-1.0719331643928263, -1.6994745271520715], "Grenada": [-1.060997309942103, -1.2587998828382805], "India": [-0.9828944287510459, -1.1374411219481653], "Slovakia": [0.9623225143263916, 0.7392411777096338], "Manchukuo": [-0.3436267829411381, -0.29749501931559985], "Croatia": [1.4847672950657222, 1.306820502961213], "Lebanon": [0.010559368748487397, -0.44049554549585784], "Puerto Rico": [-0.5389662059337559, -1.0308632855758137], "Afghanistan": [-1.102963067278799, -1.6257960134889586], "Iran": [1.408956836610984, 1.3120417199442755], "Mongolia": [-1.6000481762496477, -2.134252708623041], "Tanzania": [0.04333496679827229, -0.16551612346122363], "Zimbabwe": [0.3904614336502425, -0.14915418821873985], "Zambia": [0.29923063800782873, 0.023793896993196922], "Iceland": [0.9902507657570901, 0.7234664069961461], "Albania": [0.8876331490687831, 0.7178440139404076], "Montenegro": [0.45492551269275494, 0.1952846851513666], "Madagascar": [0.30623503437589117, -0.3314989029817136], "Mauritius": [-0.6924483520916154, -1.121806931568403], "R\u00e9union": [0.5334291467500609, 0.2536645671273344], "Zanzibar": [0.08356606064699593, -0.03673014207330057], "Djibouti": [-1.2322950539759945, -1.497100422156943], "Ethiopia": [0.07149472361929356, -0.7847320710200418], "DR Congo": [1.2144397380759315, 1.0047539319471197], "South Korea": [1.388292671010286, 1.143536148136006], "Vietnam": [-0.08259279399213641, -0.744475866885122], "Macau": [-2.1478141172234486, -2.3692968546161683], "Dominican Republic": [0.3551404436125808, -0.17534061702594303], "Cyprus": [-0.04892239520853958, -0.517931663854224], "Sierra Leone": [0.4015158745366994, -0.6529585197189812], "Nigeria": [1.377152356428697, 1.2682202552250357], "Syria": [0.8031741184133042, -0.006576328919901425], "Serbia": [1.0466694808327397, 0.8346418079285153], "Taiwan": [-1.4661501677669502, -1.7387631870010711], "Ghana": [0.9347888310645026, 0.7178074731905663], "Myanmar": [-1.3514168880745614, -1.9502011019155645], "New Caledonia": [1.4558258458772833, 0.6159861307095477], "Vanuatu": [0.092965344203552, 0.1087291319408181], "Fiji": [0.8088479487602713, -0.3958511536212547], "Pakistan": [-1.5365143988532146, -1.490899274136397], "Sri Lanka": [-1.561688529164389, -1.7521709779157324], "German DR": [1.1349374688988803, 1.004446591514339], "Tahiti": [0.6583688537635152, 0.048050296260751996], "Gambia": [0.5247775845170021, 0.008339765122336112], "Hong Kong": [-0.995008127859374, -1.1210848602802401], "Singapore": [-1.1454952026950749, -1.0903879573171225], "Malaysia": [-0.26025489855020123, -0.8731206702291509], "Guinea-Bissau": [-0.0765307099254113, -0.8475163092328049], "Saarland": [-0.34860780386254686, -0.21158929597470444], "Burundi": [-0.1468587916005851, -0.5220111991141706], "Cameroon": [1.1605062429735649, 0.803652333885283], "Kernow": [0.4407983926314081, 0.5361190145540669], "Cambodia": [-1.3037972370664777, -1.483096378244387], "Thailand": [-0.04671847549610456, -0.12700861855169066], "Vietnam Republic": [0.01826746945180272, -1.0148535237674141],